{
  "PathHeight": 1.5,
  "ClubResult": {
    "club_path_angle": 12.7,
    "recv_time": 1618977842541,
    "attack_angle": 5,
    "club_speed": 39.3,
    "swing_plane_angle": 37.8,
    "swing_direction": 18
  },
  "Index": [
    0,
    1,
    2,
    3,
    4,
    5,
    6,
    7,
    8,
    9,
    10,
    11,
    12,
    13,
    14,
    15,
    16,
    17,
    18,
    19,
    20,
    21,
    22,
    23,
    24,
    25,
    26,
    27,
    28,
    29,
    30,
    31,
    32,
    33,
    34,
    35,
    36,
    37,
    38,
    39,
    40,
    41,
    42,
    43,
    44,
    45,
    46,
    47,
    48,
    49,
    50,
    51,
    52,
    53,
    54,
    55,
    56,
    57,
    58,
    59,
    60,
    61,
    62,
    63,
    65,
    66,
    67,
    68,
    69,
    70,
    71,
    72,
    73,
    74,
    75,
    76,
    77,
    78,
    79,
    80,
    81,
    82,
    83,
    84,
    85,
    86,
    87,
    88,
    89,
    90,
    91,
    92,
    93,
    94,
    95,
    96,
    97,
    98,
    99,
    100,
    101,
    102,
    103,
    104,
    105,
    106,
    107,
    108,
    109,
    110,
    111,
    112,
    113,
    114,
    115,
    116,
    117,
    118,
    119,
    120,
    121,
    122,
    123,
    124,
    125,
    126,
    127,
    128,
    129,
    130,
    131,
    132,
    133,
    134,
    135,
    136,
    137,
    138,
    139,
    140,
    141,
    142,
    143,
    144,
    145,
    146,
    147,
    148,
    149,
    150,
    151,
    152,
    153,
    154,
    155,
    156,
    157,
    158,
    159,
    160,
    161,
    162,
    163,
    164,
    165,
    166,
    167,
    168,
    169,
    170,
    171,
    172,
    173,
    174,
    175,
    176,
    177,
    178,
    179,
    180,
    181,
    182,
    183,
    184,
    185,
    186,
    187,
    188,
    189,
    190,
    191,
    192,
    193,
    194,
    195,
    196,
    197,
    198,
    199,
    200,
    201,
    202,
    203,
    204,
    205,
    206,
    207,
    208,
    209,
    210,
    211,
    212,
    213,
    214,
    215,
    216,
    217,
    218,
    219,
    220,
    221,
    222,
    223,
    224,
    225,
    226,
    227,
    228,
    229,
    230,
    231,
    232,
    233,
    234,
    235,
    236,
    237,
    238,
    239,
    240,
    241
  ],
  "CarryResult": {
    "ball_flight2": 5.4,
    "ball_flight1": 3,
    "recv_time": 1618977841516,
    "carry_total": 215.8,
    "carry": 186.4
  },
  "Type":"Draw",
  "X": [
    0.23000000417232513,
    0.3700000047683716,
    0.5099999904632568,
    0.6499999761581421,
    0.800000011920929,
    0.9399999976158142,
    1.0800000429153442,
    1.2200000286102295,
    1.3600000143051147,
    1.4900000095367432,
    1.6299999952316284,
    1.7699999809265137,
    1.909999966621399,
    2.049999952316284,
    2.180000066757202,
    2.319999933242798,
    2.450000047683716,
    2.5899999141693115,
    2.7300000190734863,
    2.859999895095825,
    2.990000009536743,
    3.130000114440918,
    3.259999990463257,
    3.390000104904175,
    3.5299999713897705,
    3.6600000858306885,
    3.7899999618530273,
    3.9200000762939453,
    4.050000190734863,
    4.190000057220459,
    4.320000171661377,
    4.449999809265137,
    4.570000171661377,
    4.699999809265137,
    4.829999923706055,
    4.960000038146973,
    5.090000152587891,
    5.21999979019165,
    5.340000152587891,
    5.46999979019165,
    5.599999904632568,
    5.71999979019165,
    5.849999904632568,
    5.96999979019165,
    6.099999904632568,
    6.21999979019165,
    6.340000152587891,
    6.46999979019165,
    6.590000152587891,
    6.710000038146973,
    6.840000152587891,
    6.960000038146973,
    7.079999923706055,
    7.199999809265137,
    7.320000171661377,
    7.440000057220459,
    7.559999942779541,
    7.679999828338623,
    7.800000190734863,
    7.920000076293945,
    8.039999961853027,
    8.149999618530273,
    8.270000457763672,
    8.390000343322754,
    8.619999885559082,
    8.739999771118164,
    8.850000381469727,
    8.970000267028809,
    9.079999923706055,
    9.1899995803833,
    9.3100004196167,
    9.420000076293945,
    9.529999732971191,
    9.649999618530273,
    9.760000228881836,
    9.869999885559082,
    9.979999542236328,
    10.09000015258789,
    10.199999809265137,
    10.3100004196167,
    10.420000076293945,
    10.529999732971191,
    10.640000343322754,
    10.75,
    10.859999656677246,
    10.960000038146973,
    11.069999694824219,
    11.180000305175781,
    11.279999732971191,
    11.390000343322754,
    11.489999771118164,
    11.600000381469727,
    11.699999809265137,
    11.8100004196167,
    11.90999984741211,
    12.020000457763672,
    12.119999885559082,
    12.220000267028809,
    12.319999694824219,
    12.430000305175781,
    12.529999732971191,
    12.630000114440918,
    12.729999542236328,
    12.829999923706055,
    12.930000305175781,
    13.029999732971191,
    13.130000114440918,
    13.229999542236328,
    13.319999694824219,
    13.420000076293945,
    13.520000457763672,
    13.619999885559082,
    13.710000038146973,
    13.8100004196167,
    13.899999618530273,
    14,
    14.09000015258789,
    14.1899995803833,
    14.279999732971191,
    14.380000114440918,
    14.470000267028809,
    14.5600004196167,
    14.65999984741211,
    14.75,
    14.84000015258789,
    14.930000305175781,
    15.020000457763672,
    15.109999656677246,
    15.199999809265137,
    15.289999961853027,
    15.380000114440918,
    15.470000267028809,
    15.5600004196167,
    15.649999618530273,
    15.729999542236328,
    15.819999694824219,
    15.90999984741211,
    15.989999771118164,
    16.079999923706055,
    16.170000076293945,
    16.25,
    16.34000015258789,
    16.420000076293945,
    16.5,
    16.59000015258789,
    16.670000076293945,
    16.75,
    16.84000015258789,
    16.920000076293945,
    17,
    17.079999923706055,
    17.15999984741211,
    17.239999771118164,
    17.31999969482422,
    17.399999618530273,
    17.479999542236328,
    17.559999465942383,
    17.639999389648438,
    17.709999084472656,
    17.790000915527344,
    17.8700008392334,
    17.950000762939453,
    18.020000457763672,
    18.100000381469727,
    18.170000076293945,
    18.25,
    18.31999969482422,
    18.399999618530273,
    18.469999313354492,
    18.540000915527344,
    18.6200008392334,
    18.690000534057617,
    18.760000228881836,
    18.829999923706055,
    18.899999618530273,
    18.979999542236328,
    19.049999237060547,
    19.1200008392334,
    19.190000534057617,
    19.260000228881836,
    19.31999969482422,
    19.389999389648438,
    19.459999084472656,
    19.530000686645508,
    19.600000381469727,
    19.65999984741211,
    19.729999542236328,
    19.799999237060547,
    19.860000610351562,
    19.93000030517578,
    19.989999771118164,
    20.059999465942383,
    20.1200008392334,
    20.18000030517578,
    20.25,
    20.309999465942383,
    20.3700008392334,
    20.43000030517578,
    20.5,
    20.559999465942383,
    20.6200008392334,
    20.68000030517578,
    20.739999771118164,
    20.799999237060547,
    20.860000610351562,
    20.920000076293945,
    20.969999313354492,
    21.030000686645508,
    21.09000015258789,
    21.149999618530273,
    21.200000762939453,
    21.260000228881836,
    21.31999969482422,
    21.3700008392334,
    21.43000030517578,
    21.479999542236328,
    21.530000686645508,
    21.59000015258789,
    21.639999389648438,
    21.700000762939453,
    21.75,
    21.799999237060547,
    21.850000381469727,
    21.899999618530273,
    21.950000762939453,
    22,
    22.059999465942383,
    22.100000381469727,
    22.149999618530273,
    22.200000762939453,
    22.25,
    22.299999237060547,
    22.350000381469727,
    22.399999618530273,
    22.440000534057617,
    22.489999771118164,
    22.530000686645508,
    22.579999923706055,
    22.6299991607666,
    22.670000076293945,
    22.719999313354492
  ],