{
  "PathHeight": 1.5,
  "ClubResult": {
    "club_path_angle": 0.5,
    "recv_time": 1618983828809,
    "attack_angle": 3.1,
    "swing_plane_angle": 47.3,
    "swing_direction": 0.9
  },
  "Index": [
    0,
    1,
    2,
    3,
    4,
    5,
    6,
    7,
    8,
    9,
    10,
    11,
    12,
    13,
    14,
    15,
    16,
    17,
    18,
    19,
    20,
    21,
    22,
    23,
    24,
    25,
    26,
    27,
    28,
    29,
    30,
    31,
    32,
    33,
    34,
    35,
    36,
    37,
    38,
    39,
    40,
    41,
    42,
    43,
    44,
    45,
    46,
    47,
    48,
    49,
    50,
    51,
    52,
    53,
    54,
    55,
    56,
    57,
    58,
    59,
    60,
    61,
    62,
    63,
    64,
    65,
    66,
    67,
    68,
    69,
    70,
    71,
    72,
    73,
    74,
    75,
    76,
    77,
    78,
    79,
    80,
    81,
    82,
    83,
    84,
    85,
    86,
    87,
    88,
    89,
    90,
    91,
    92,
    93,
    94,
    95,
    96,
    97,
    98,
    99,
    100,
    101,
    102,
    103,
    104,
    105,
    106,
    107,
    108,
    109,
    110,
    111,
    112,
    113,
    114,
    115,
    116,
    117,
    118,
    119,
    120,
    121,
    122,
    123,
    124,
    125,
    126,
    127,
    128,
    129,
    130,
    131,
    132,
    133,
    134,
    135,
    136,
    137,
    138,
    139,
    140,
    141,
    142,
    143,
    144,
    145,
    146,
    147,
    148,
    149,
    150,
    151,
    152,
    153,
    154,
    155,
    156,
    157,
    158,
    159,
    160,
    161,
    162,
    163,
    164,
    165,
    166,
    167,
    168,
    169,
    170,
    171,
    173,
    174,
    175,
    176,
    177,
    178,
    179,
    180,
    181,
    182,
    183,
    184,
    185,
    186,
    187,
    188,
    189,
    190,
    191,
    192,
    193,
    194,
    195,
    196,
    197,
    198,
    199,
    200,
    201,
    202,
    203,
    204,
    205,
    206,
    207,
    208,
    209,
    210,
    211,
    212,
    213,
    214,
    215,
    216,
    217,
    218,
    219,
    220,
    221,
    222,
    223,
    224,
    225,
    226,
    227,
    228,
    229,
    230,
    231,
    232,
    233,
    234,
    235,
    236,
    237,
    238,
    239,
    240,
    241
  ],
  "CarryResult": {
    "ball_flight2": 4.8,
    "ball_flight1": 1,
    "recv_time": 1618983828134,
    "carry_total": 266,
    "carry": 212.5
  },
  "Type":"Straight",
  "X": [
    0.009999999776482582,
    -0.009999999776482582,
    -0.03999999910593033,
    -0.07000000029802322,
    -0.10000000149011612,
    -0.12999999523162842,
    -0.1599999964237213,
    -0.18000000715255737,
    -0.20999999344348907,
    -0.23999999463558197,
    -0.27000001072883606,
    -0.30000001192092896,
    -0.33000001311302185,
    -0.36000001430511475,
    -0.38999998569488525,
    -0.41999998688697815,
    -0.4399999976158142,
    -0.4699999988079071,
    -0.5,
    -0.5299999713897705,
    -0.5600000023841858,
    -0.5899999737739563,
    -0.6200000047683716,
    -0.6499999761581421,
    -0.6800000071525574,
    -0.7099999785423279,
    -0.7400000095367432,
    -0.7699999809265137,
    -0.800000011920929,
    -0.8199999928474426,
    -0.8500000238418579,
    -0.8799999952316284,
    -0.9100000262260437,
    -0.9399999976158142,
    -0.9700000286102295,
    -1,
    -1.0299999713897705,
    -1.059999942779541,
    -1.090000033378601,
    -1.1200000047683716,
    -1.149999976158142,
    -1.1799999475479126,
    -1.2100000381469727,
    -1.2400000095367432,
    -1.2699999809265137,
    -1.2999999523162842,
    -1.3300000429153442,
    -1.3600000143051147,
    -1.3899999856948853,
    -1.4199999570846558,
    -1.4500000476837158,
    -1.4800000190734863,
    -1.5099999904632568,
    -1.5399999618530273,
    -1.5700000524520874,
    -1.600000023841858,
    -1.6299999952316284,
    -1.659999966621399,
    -1.690000057220459,
    -1.7200000286102295,
    -1.75,
    -1.7799999713897705,
    -1.809999942779541,
    -1.840000033378601,
    -1.8700000047683716,
    -1.899999976158142,
    -1.9299999475479126,
    -1.9600000381469727,
    -1.9900000095367432,
    -2.0199999809265137,
    -2.049999952316284,
    -2.0799999237060547,
    -2.109999895095825,
    -2.140000104904175,
    -2.1700000762939453,
    -2.200000047683716,
    -2.2300000190734863,
    -2.259999990463257,
    -2.2899999618530273,
    -2.319999933242798,
    -2.3499999046325684,
    -2.380000114440918,
    -2.4100000858306885,
    -2.440000057220459,
    -2.4700000286102295,
    -2.5,
    -2.5299999713897705,
    -2.559999942779541,
    -2.5899999141693115,
    -2.619999885559082,
    -2.6500000953674316,
    -2.680000066757202,
    -2.7100000381469727,
    -2.740000009536743,
    -2.7699999809265137,
    -2.799999952316284,
    -2.8299999237060547,
    -2.859999895095825,
    -2.890000104904175,
    -2.9200000762939453,
    -2.950000047683716,
    -2.9800000190734863,
    -3.009999990463257,
    -3.0399999618530273,
    -3.0799999237060547,
    -3.109999895095825,
    -3.140000104904175,
    -3.1700000762939453,
    -3.200000047683716,
    -3.2300000190734863,
    -3.259999990463257,
    -3.2899999618530273,
    -3.319999933242798,
    -3.3499999046325684,
    -3.380000114440918,
    -3.4100000858306885,
    -3.440000057220459,
    -3.4700000286102295,
    -3.5,
    -3.5299999713897705,
    -3.559999942779541,
    -3.5899999141693115,
    -3.619999885559082,
    -3.6500000953674316,
    -3.680000066757202,
    -3.7100000381469727,
    -3.740000009536743,
    -3.7699999809265137,
    -3.799999952316284,
    -3.8299999237060547,
    -3.859999895095825,
    -3.890000104904175,
    -3.9200000762939453,
    -3.950000047683716,
    -3.9800000190734863,
    -4.010000228881836,
    -4.039999961853027,
    -4.070000171661377,
    -4.099999904632568,
    -4.130000114440918,
    -4.159999847412109,
    -4.190000057220459,
    -4.21999979019165,
    -4.25,
    -4.28000020980835,
    -4.309999942779541,
    -4.340000152587891,
    -4.369999885559082,
    -4.400000095367432,
    -4.429999828338623,
    -4.460000038146973,
    -4.480000019073486,
    -4.510000228881836,
    -4.539999961853027,
    -4.570000171661377,
    -4.599999904632568,
    -4.630000114440918,
    -4.659999847412109,
    -4.690000057220459,
    -4.71999979019165,
    -4.75,
    -4.78000020980835,
    -4.809999942779541,
    -4.840000152587891,
    -4.869999885559082,
    -4.900000095367432,
    -4.929999828338623,
    -4.960000038146973,
    -4.989999771118164,
    -5.019999980926514,
    -5.050000190734863,
    -5.079999923706055,
    -5.139999866485596,
    -5.170000076293945,
    -5.199999809265137,
    -5.230000019073486,
    -5.260000228881836,
    -5.289999961853027,
    -5.320000171661377,
    -5.349999904632568,
    -5.380000114440918,
    -5.409999847412109,
    -5.440000057220459,
    -5.46999979019165,
    -5.5,
    -5.53000020980835,
    -5.559999942779541,
    -5.590000152587891,
    -5.619999885559082,
    -5.650000095367432,
    -5.679999828338623,
    -5.710000038146973,
    -5.739999771118164,
    -5.769999980926514,
    -5.800000190734863,
    -5.829999923706055,
    -5.860000133514404,
    -5.889999866485596,
    -5.920000076293945,
    -5.949999809265137,
    -5.96999979019165,
    -6,
    -6.03000020980835,
    -6.059999942779541,
    -6.090000152587891,
    -6.119999885559082,
    -6.150000095367432,
    -6.179999828338623,
    -6.210000038146973,
    -6.239999771118164,
    -6.269999980926514,
    -6.300000190734863,
    -6.329999923706055,
    -6.360000133514404,
    -6.389999866485596,
    -6.420000076293945,
    -6.449999809265137,
    -6.480000019073486,
    -6.510000228881836,
    -6.539999961853027,
    -6.570000171661377,
    -6.599999904632568,
    -6.630000114440918,
    -6.659999847412109,
    -6.690000057220459,
    -6.71999979019165,
    -6.75,
    -6.78000020980835,
    -6.809999942779541,
    -6.840000152587891,
    -6.869999885559082,
    -6.900000095367432,
    -6.929999828338623,
